,Topic1,,,Topic2,,,Topic3,,,Topic4,,,Topic5,,,Topic6,,,Topic7,,,Topic8,,,Topic9,,,Topic10,
Word,Count,Percentage,Word,Count,Percentage,Word,Count,Percentage,Word,Count,Percentage,Word,Count,Percentage,Word,Count,Percentage,Word,Count,Percentage,Word,Count,Percentage,Word,Count,Percentage,Word,Count,Percentage
rex,103,6.776315789473684,#n/a,2439,70.8393842579146,#n/a,1442,56.92854322937229,#n/a,1257,48.53281853281853,facio,43,2.945205479452055,#n/a,1993,65.45155993431855,#n/a,1586,56.481481481481474,britannia/n,26,2.323503127792672,#n/a,1580,56.34807417974322,ecclesia,33,2.740863787375415
regnvm,37,2.4342105263157894,tempvs/1,36,1.0455997676444961,qvidam,20,0.7895775759968418,episcopvs,62,2.393822393822394,qvia,36,2.4657534246575343,facio,28,0.9195402298850575,video,36,1.282051282051282,habeo,23,2.0554066130473636,monasterivm,81,2.8887303851640516,gens,20,1.6611295681063125
fides/2,34,2.236842105263158,rex,35,1.0165553296543712,venio,19,0.7500986971969996,venio,39,1.505791505791506,dico/2,32,2.191780821917808,ecclesia,24,0.7881773399014778,avdio,32,1.1396011396011396,omnis,22,1.966041108132261,corpvs,36,1.2838801711840229,noster,18,1.495016611295681
svvs,30,1.9736842105263157,britannia/n,22,0.6389776357827476,caelestis,16,0.6316620607974733,monasterivm,33,1.2741312741312742,mvltvs,31,2.1232876712328768,qvia,24,0.7881773399014778,dico/2,29,1.0327635327635327,vsqve,20,1.7873100983020553,christvs/n,28,0.9985734664764622,christvs/n,17,1.4119601328903655
tempvs/1,24,1.5789473684210527,annvs,22,0.6389776357827476,soleo,14,0.5527043031977892,dico/2,29,1.1196911196911197,devs,23,1.5753424657534247,habeo,21,0.6896551724137931,corpvs,27,0.9615384615384616,insvla,19,1.6979445933869526,infirmitas,20,0.7132667617689016,provincia,16,1.3289036544850499
edwin/n2,24,1.5789473684210527,christvs/n,18,0.5227998838222481,qvasi/1,14,0.5527043031977892,oratio,24,0.9266409266409266,omnis,23,1.5753424657534247,celebro,21,0.6896551724137931,qvidam,25,0.8903133903133903,mvltvs,17,1.519213583556747,abbatissa,20,0.7132667617689016,fides/2,16,1.3289036544850499
gens,22,1.4473684210526316,roma/n,18,0.5227998838222481,nox,13,0.5132254243979472,verbvm,23,0.8880308880308879,habeo,20,1.36986301369863,dico/2,18,0.5911330049261084,tempvs/1,20,0.7122507122507122,scoti/n,17,1.519213583556747,video,19,0.6776034236804565,vervs,14,1.1627906976744187
provincia,21,1.381578947368421,devs,15,0.43566656985187335,ecclesia,12,0.47374654559810503,habeo,23,0.8880308880308879,video,15,1.0273972602739725,inqvio,18,0.5911330049261084,dvco,20,0.7122507122507122,gens,16,1.4298480786416443,dominvs,17,0.6062767475035664,corpvs,14,1.1627906976744187
venio,21,1.381578947368421,antistes,15,0.43566656985187335,terra,12,0.47374654559810503,dominvs,23,0.8880308880308879,tvvs,14,0.9589041095890412,tempvs/1,17,0.5582922824302134,pervenio,19,0.6766381766381766,angli/n,15,1.3404825737265416,qvasi/1,17,0.6062767475035664,alivs,13,1.0797342192691028
pavlinvs/n1,21,1.381578947368421,monasterivm,14,0.4066221318617485,coepio,12,0.47374654559810503,ecclesia,22,0.8494208494208495,ergo/2,14,0.9589041095890412,ago,17,0.5582922824302134,homo,19,0.6766381766381766,picti/n,15,1.3404825737265416,mors,17,0.6062767475035664,historia,12,0.9966777408637874
mitto,19,1.25,mvltvs,14,0.4066221318617485,cvmqve,12,0.47374654559810503,tempvs/1,17,0.6563706563706564,ago,13,0.8904109589041096,dominvs,17,0.5582922824302134,angelvs,18,0.641025641025641,pars,14,1.2511170688114388,refero,16,0.5706134094151213,tempvs/1,12,0.9966777408637874
svscipio,18,1.1842105263157896,regno,13,0.3775776938716236,spiritvs,12,0.47374654559810503,revereor,15,0.5791505791505791,debeo,13,0.8904109589041096,doceo,15,0.49261083743842365,qvia,16,0.5698005698005698,voco,14,1.2511170688114388,provincia,15,0.5349500713266762,angli/n,11,0.9136212624584719
angli/n,17,1.118421052631579,qvoqve,11,0.3194888178913738,tempvs/1,11,0.43426766679826295,ibi,15,0.5791505791505791,accipio,12,0.821917808219178,seqvor,15,0.49261083743842365,sicvt/1,14,0.49857549857549854,dies,14,1.2511170688114388,svscipio,15,0.5349500713266762,verbvm,10,0.8305647840531563
facio,17,1.118421052631579,episcopvs,11,0.3194888178913738,vsqve,10,0.3947887879984209,frater,15,0.5791505791505791,nvnc,11,0.7534246575342466,dies,13,0.4269293924466338,vivo,14,0.49857549857549854,videlicet,13,1.161751563896336,ecclesia,13,0.46362339514978607,beatvs,10,0.8305647840531563
annvs,17,1.118421052631579,semper,11,0.3194888178913738,habeo,10,0.3947887879984209,redeo/1,15,0.5791505791505791,avdio,11,0.7534246575342466,venio,12,0.3940886699507389,ignis,13,0.4629629629629629,svvs,13,1.161751563896336,salvs,12,0.42796005706134094,gratia,10,0.8305647840531563
vir,16,1.0526315789473684,dies,10,0.2904443799012489,cvro,9,0.35530990919857874,provincia,14,0.5405405405405406,vervs,11,0.7534246575342466,vnde/1,12,0.3940886699507389,tantvs,13,0.4629629629629629,locvs,13,1.161751563896336,tantvs,12,0.42796005706134094,avdio,9,0.7475083056478405
ivxta/1,14,0.9210526315789472,historia,9,0.26139994191112403,vnde/1,9,0.35530990919857874,do,14,0.5405405405405406,salvs,11,0.7534246575342466,devs,11,0.361247947454844,facio,12,0.4273504273504274,qvidam,13,1.161751563896336,dvm/2,12,0.42796005706134094,sanctvs,9,0.7475083056478405
christvs/n,13,0.855263157894737,terra,9,0.26139994191112403,lingva,9,0.35530990919857874,voco,13,0.5019305019305019,advenio,11,0.7534246575342466,vsqve,11,0.361247947454844,spiritvs,12,0.4273504273504274,tempvs/1,12,1.0723860589812333,annvs,12,0.42796005706134094,scribo,9,0.7475083056478405
doceo,13,0.855263157894737,mitto,9,0.26139994191112403,facio,9,0.35530990919857874,cavsa,12,0.4633204633204633,dominvs,11,0.7534246575342466,ivbeo,11,0.361247947454844,monasterivm,11,0.39173789173789175,britanni/n,12,1.0723860589812333,mater,12,0.42796005706134094,vsqve,9,0.7475083056478405
filivs,13,0.855263157894737,svpra/2,9,0.26139994191112403,intro/1,9,0.35530990919857874,ordino,11,0.42471042471042475,crvx,11,0.7534246575342466,rex,10,0.3284072249589491,dies,11,0.39173789173789175,peto,12,1.0723860589812333,coepio,11,0.39229671897289586,opvs/1,9,0.7475083056478405
verbvm,12,0.7894736842105263,gens,8,0.23235550392099913,domvs,9,0.35530990919857874,seqvor,11,0.42471042471042475,doctrina,11,0.7534246575342466,christvs/n,10,0.3284072249589491,qvoqve,10,0.3561253561253561,qvoqve,11,0.9830205540661305,devs,10,0.3566333808844508,ecclesiasticvs,8,0.6644518272425249
locvs,12,0.7894736842105263,qvia,8,0.23235550392099913,relinqvo,9,0.35530990919857874,rex,10,0.3861003861003861,caelestis,11,0.7534246575342466,pater,9,0.2955665024630542,simvl/1,10,0.3561253561253561,civitas,11,0.9830205540661305,ago,10,0.3566333808844508,maxime,8,0.6644518272425249
tantvs,12,0.7894736842105263,cantvari/n,7,0.20331106593087425,dolor,9,0.35530990919857874,accipio,10,0.3861003861003861,homo,11,0.7534246575342466,episcopvs,9,0.2955665024630542,vsqve,10,0.3561253561253561,soleo,11,0.9830205540661305,pono,10,0.3566333808844508,vir,8,0.6644518272425249
christianvs/2,12,0.7894736842105263,theodore/n1,7,0.20331106593087425,pono,8,0.31583103039873667,praecipio,10,0.3861003861003861,vita,10,0.684931506849315,respondeo,9,0.2955665024630542,inqvio,10,0.3561253561253561,mare,10,0.8936550491510277,voco,10,0.3566333808844508,cvra,8,0.6644518272425249
baptizo,12,0.7894736842105263,romanvs/a,7,0.20331106593087425,maneo,8,0.31583103039873667,praedico/3,10,0.3861003861003861,nvllvs,10,0.684931506849315,vervs,8,0.2627257799671593,iste,10,0.3561253561253561,hodie,9,0.8042895442359249,lvx,10,0.3566333808844508,dignvs,8,0.6644518272425249
nihil,12,0.7894736842105263,vita,7,0.20331106593087425,cvnctvs,8,0.31583103039873667,avdio,9,0.34749034749034746,volo/3,10,0.684931506849315,nosco,8,0.2627257799671593,mors,10,0.3561253561253561,verbvm,8,0.7149240393208222,prior,9,0.3209700427960057,papa,8,0.6644518272425249
episcopvs,11,0.7236842105263158,nobilis/2,7,0.20331106593087425,loqvor,8,0.31583103039873667,dies,9,0.34749034749034746,tantvs,10,0.684931506849315,veritas,8,0.2627257799671593,ardeo,9,0.3205128205128205,venio,8,0.7149240393208222,antistes,9,0.3209700427960057,video,8,0.6644518272425249
dies,11,0.7236842105263158,transeo/1,7,0.20331106593087425,devs,7,0.2763521515988946,ergo/2,9,0.34749034749034746,offero,10,0.684931506849315,servo,8,0.2627257799671593,adhvc,9,0.3205128205128205,ibi,8,0.7149240393208222,certvs,9,0.3209700427960057,pontifex,8,0.6644518272425249
promitto,11,0.7236842105263158,teneo,7,0.20331106593087425,disco,7,0.2763521515988946,tantvs,9,0.34749034749034746,vnde/1,9,0.6164383561643836,credo,7,0.22988505747126436,accipio,9,0.3205128205128205,dico/2,8,0.7149240393208222,appareo,9,0.3209700427960057,vita,8,0.6644518272425249
religio,11,0.7236842105263158,gavdeo,7,0.20331106593087425,valeo,7,0.2763521515988946,ostendo,9,0.34749034749034746,coepio,9,0.6164383561643836,regnvm,7,0.22988505747126436,ergo/2,9,0.3205128205128205,saepe,8,0.7149240393208222,qvia,8,0.28530670470756064,svvs,8,0.6644518272425249
praedico/3,11,0.7236842105263158,ecclesia,6,0.17426662794074935,dies,7,0.2763521515988946,constrvo,9,0.34749034749034746,vivo,9,0.6164383561643836,mos,7,0.22988505747126436,respondeo,9,0.3205128205128205,valeo,8,0.7149240393208222,nox,8,0.28530670470756064,sedes,8,0.6644518272425249
ago,10,0.6578947368421052,vsqve,6,0.17426662794074935,dvm/2,7,0.2763521515988946,disciplina,9,0.34749034749034746,ivbeo,9,0.6164383561643836,nihil,7,0.22988505747126436,videlicet,8,0.2849002849002849,qvia,8,0.7149240393208222,facio,8,0.28530670470756064,virtvs,8,0.6644518272425249
accipio,10,0.6578947368421052,pars,6,0.17426662794074935,semper,7,0.2763521515988946,reverto,8,0.3088803088803089,parvvs/2,9,0.6164383561643836,qvoqve,6,0.19704433497536944,intro/1,8,0.2849002849002849,nox,8,0.7149240393208222,ergo/2,8,0.28530670470756064,pavper,8,0.6644518272425249
sanctvs,9,0.5921052631578948,aetas,6,0.17426662794074935,rogo,7,0.2763521515988946,propter/2,8,0.3088803088803089,hostis,9,0.6164383561643836,traditio,6,0.19704433497536944,cvmqve,8,0.2849002849002849,contra/2,8,0.7149240393208222,cvmqve,8,0.28530670470756064,cvro,7,0.5813953488372093
vita,9,0.5921052631578948,adhvc,6,0.17426662794074935,canto,7,0.2763521515988946,vocabvlvm,8,0.3088803088803089,aio,9,0.6164383561643836,contra/2,6,0.19704433497536944,nolo,8,0.2849002849002849,totvs,8,0.7149240393208222,virtvs,8,0.28530670470756064,omnis,7,0.5813953488372093
alivs,8,0.5263157894736842,adeo/1,6,0.17426662794074935,manvs/1,7,0.2763521515988946,virtvs,8,0.3088803088803089,pontifex,8,0.547945205479452,lingva,6,0.19704433497536944,saecvlvm,8,0.2849002849002849,nomen,7,0.6255585344057194,exeo/1,8,0.28530670470756064,romanvs/a,7,0.5813953488372093
opvs/1,8,0.5263157894736842,imperivm,6,0.17426662794074935,affero,6,0.23687327279905251,annvs,8,0.3088803088803089,svvs,8,0.547945205479452,vivo,6,0.19704433497536944,verbvm,7,0.24928774928774927,longvs,7,0.6255585344057194,tempvs/1,7,0.24964336661911554,antistes,7,0.5813953488372093
voco,8,0.5263157894736842,ivbeo,6,0.17426662794074935,frater,6,0.23687327279905251,dominicvs,8,0.3088803088803089,credo,8,0.547945205479452,dominicvs,6,0.19704433497536944,vita,7,0.24928774928774927,terra,7,0.6255585344057194,qvoqve,7,0.24964336661911554,mevs,7,0.5813953488372093
fero,8,0.5263157894736842,relinqvo,6,0.17426662794074935,contingo/1,6,0.23687327279905251,svpra/2,8,0.3088803088803089,nomen,8,0.547945205479452,celebratio,6,0.19704433497536944,aspicio,7,0.24928774928774927,septentrionalis,7,0.6255585344057194,cvro,7,0.24964336661911554,ivxta/1,7,0.5813953488372093
do,8,0.5263157894736842,saecvlvm,6,0.17426662794074935,peto,6,0.23687327279905251,sepelio,8,0.3088803088803089,hora,8,0.547945205479452,aio,6,0.19704433497536944,anima,7,0.24928774928774927,facio,7,0.6255585344057194,venio,7,0.24964336661911554,qvia,7,0.5813953488372093
qvin/1,8,0.5263157894736842,ordino,6,0.17426662794074935,morior,6,0.23687327279905251,aliqvot,8,0.3088803088803089,dono,8,0.547945205479452,sabbatvm,6,0.19704433497536944,sollicitvs,6,0.2136752136752137,primvs,7,0.6255585344057194,invenio,7,0.24964336661911554,magnvs,7,0.5813953488372093
cvnctvs,8,0.5263157894736842,svscipio,6,0.17426662794074935,debeo,6,0.23687327279905251,cvro,7,0.2702702702702703,respondeo,8,0.547945205479452,disco,5,0.16420361247947454,opvs/1,6,0.2136752136752137,qvondam,6,0.5361930294906166,maneo,7,0.24964336661911554,exemplvm,7,0.5813953488372093
caelestis,8,0.5263157894736842,visito,6,0.17426662794074935,transfero,6,0.23687327279905251,ministerivm,7,0.2702702702702703,domvs,8,0.547945205479452,cvro,5,0.16420361247947454,habeo,6,0.2136752136752137,ivxta/1,6,0.5361930294906166,donec,7,0.24964336661911554,nosco,6,0.4983388704318937
ecclesia,7,0.4605263157894736,simvl/1,5,0.14522218995062444,pvlvis,6,0.23687327279905251,ago,7,0.2702702702702703,praedico/3,8,0.547945205479452,provincia,5,0.16420361247947454,locvs,6,0.2136752136752137,fero,6,0.5361930294906166,servio,7,0.24964336661911554,cognosco,6,0.4983388704318937
praesvm/1,7,0.4605263157894736,institvo,5,0.14522218995062444,neqvaqvam,6,0.23687327279905251,sancio,7,0.2702702702702703,novvs,8,0.547945205479452,vter/4,5,0.16420361247947454,contra/2,6,0.2136752136752137,magnvs,6,0.5361930294906166,pver,7,0.24964336661911554,qvoqve,6,0.4983388704318937
gratia,7,0.4605263157894736,videlicet,5,0.14522218995062444,sacer,6,0.23687327279905251,servo,7,0.2702702702702703,nihil,8,0.547945205479452,virtvs,5,0.16420361247947454,virtvs,6,0.2136752136752137,dominicvs,6,0.5361930294906166,virgo,7,0.24964336661911554,disco,6,0.4983388704318937
nomen,7,0.4605263157894736,invenio,5,0.14522218995062444,vicissim,6,0.23687327279905251,ibidem,7,0.2702702702702703,noster,7,0.4794520547945206,annvs,5,0.16420361247947454,qvasi/1,6,0.2136752136752137,manvs/1,6,0.5361930294906166,congregatio,7,0.24964336661911554,littera,6,0.4983388704318937
britanni/n,7,0.4605263157894736,percipio,5,0.14522218995062444,circvmdo,6,0.23687327279905251,regio,6,0.23166023166023164,differo,7,0.4794520547945206,praefero,5,0.16420361247947454,sermo,6,0.2136752136752137,pervenio,5,0.44682752457551383,religiosvs,6,0.21398002853067047,pater,6,0.4983388704318937
finis,7,0.4605263157894736,memini,5,0.14522218995062444,desidero,5,0.19739439399921044,facio,6,0.23166023166023164,seqvor,7,0.4794520547945206,profero,5,0.16420361247947454,loqvor,6,0.2136752136752137,genvs/1,5,0.44682752457551383,cognosco,6,0.21398002853067047,affero,6,0.4983388704318937
totvs,7,0.4605263157894736,civitas,5,0.14522218995062444,avdio,5,0.19739439399921044,coepio,6,0.23166023166023164,cor,7,0.4794520547945206,omnis,4,0.13136288998357964,ocvlvs,6,0.2136752136752137,nvllvs,5,0.44682752457551383,videlicet,6,0.21398002853067047,dico/2,6,0.4983388704318937
honor,7,0.4605263157894736,ivxta/1,5,0.14522218995062444,invenio,5,0.19739439399921044,domvs,6,0.23166023166023164,signvm,7,0.4794520547945206,video,4,0.13136288998357964,narro,6,0.2136752136752137,longe,5,0.44682752457551383,dico/2,6,0.21398002853067047,totvs,6,0.4983388704318937
regina,7,0.4605263157894736,primvs,5,0.14522218995062444,aetas,5,0.19739439399921044,mos,6,0.23166023166023164,svscipio,7,0.4794520547945206,videlicet,4,0.13136288998357964,statim,6,0.2136752136752137,sicvt/1,5,0.44682752457551383,dies,6,0.21398002853067047,apostolicvs,6,0.4983388704318937
primo,7,0.4605263157894736,peto,5,0.14522218995062444,qvia,5,0.19739439399921044,opera,6,0.23166023166023164,sedeo,7,0.4794520547945206,vita,4,0.13136288998357964,malignvs,6,0.2136752136752137,ergo/2,5,0.44682752457551383,etenim,6,0.21398002853067047,converto,6,0.4983388704318937
seqvor,7,0.4605263157894736,dono,5,0.14522218995062444,capvt,5,0.19739439399921044,vaco,6,0.23166023166023164,christvs/n,6,0.410958904109589,nomen,4,0.13136288998357964,lego/2,5,0.17806267806267806,do,5,0.44682752457551383,nvnc,5,0.1783166904422254,gloria,6,0.4983388704318937
pascha,7,0.4605263157894736,dvx,5,0.14522218995062444,assvm/1,5,0.19739439399921044,desidero,5,0.19305019305019305,tempvs/1,6,0.410958904109589,ivxta/1,4,0.13136288998357964,nvnc,5,0.17806267806267806,volo/3,5,0.44682752457551383,venerabilis,5,0.1783166904422254,vrbs,6,0.4983388704318937
exercitvs/1,7,0.4605263157894736,ibidem,5,0.14522218995062444,svpra/2,5,0.19739439399921044,prior,5,0.19305019305019305,solvs,6,0.410958904109589,qvaestio,4,0.13136288998357964,refero,5,0.17806267806267806,dvx,5,0.44682752457551383,accipio,5,0.1783166904422254,postmodvm,6,0.4983388704318937
oswald/n1,7,0.4605263157894736,devotio,5,0.14522218995062444,pavper,5,0.19739439399921044,lego/2,5,0.19305019305019305,verbvm,6,0.410958904109589,adhvc,4,0.13136288998357964,cognosco,5,0.17806267806267806,miracvlvm,5,0.44682752457551383,magnvs,5,0.1783166904422254,prior,5,0.41528239202657813
vervs,6,0.39473684210526316,monachvs,5,0.14522218995062444,div,5,0.19739439399921044,disco,5,0.19305019305019305,disco,6,0.410958904109589,scientia,4,0.13136288998357964,doceo,5,0.17806267806267806,rex,4,0.3574620196604111,familia,5,0.1783166904422254,lego/2,5,0.41528239202657813
devs,6,0.39473684210526316,kalendae,5,0.14522218995062444,ascendo,5,0.19739439399921044,roma/n,5,0.19305019305019305,frater,6,0.410958904109589,propter/2,4,0.13136288998357964,invenio,5,0.17806267806267806,cetervs,4,0.3574620196604111,aeternvs,5,0.1783166904422254,solvs,5,0.41528239202657813
cvro,6,0.39473684210526316,appareo,5,0.14522218995062444,praeparo/2,5,0.19739439399921044,ivxta/1,5,0.19305019305019305,locvs,6,0.410958904109589,dvo,4,0.13136288998357964,ivxta/1,5,0.17806267806267806,ecclesia,4,0.3574620196604111,miracvlvm,5,0.1783166904422254,bonvs,5,0.41528239202657813
omnis,6,0.39473684210526316,disco,4,0.11617775196049956,sano,5,0.19739439399921044,recipio,5,0.19305019305019305,qvidam,6,0.410958904109589,ritvs,4,0.13136288998357964,res,5,0.17806267806267806,video,4,0.3574620196604111,dvco,5,0.1783166904422254,avditor,5,0.41528239202657813
permitto,6,0.39473684210526316,memoria,4,0.11617775196049956,exigo,5,0.19739439399921044,nox,5,0.19305019305019305,valeo,6,0.410958904109589,vester,4,0.13136288998357964,consto,5,0.17806267806267806,alivs,4,0.3574620196604111,exemplvm,5,0.1783166904422254,devs,5,0.41528239202657813
nobilis/2,6,0.39473684210526316,ibi,4,0.11617775196049956,compositvm,5,0.19739439399921044,advenio,5,0.19305019305019305,inqvio,6,0.410958904109589,sermo,4,0.13136288998357964,gavdivm,5,0.17806267806267806,ministerivm,4,0.3574620196604111,rapio,5,0.1783166904422254,simvl/1,5,0.41528239202657813
coepio,6,0.39473684210526316,perfero,4,0.11617775196049956,historia,4,0.15791551519936833,fero,5,0.19305019305019305,talis,6,0.410958904109589,qvomodo/1,4,0.13136288998357964,relinqvo,5,0.17806267806267806,maximvs,4,0.3574620196604111,devoveo,5,0.1783166904422254,diligens,5,0.41528239202657813
dominvs,6,0.39473684210526316,pervenio,4,0.11617775196049956,refero,4,0.15791551519936833,impetro,5,0.19305019305019305,relinqvo,6,0.410958904109589,exspecto,4,0.13136288998357964,conversatio,5,0.17806267806267806,flvvivs,4,0.3574620196604111,nvper,4,0.14265335235378032,regio,5,0.41528239202657813
vocabvlvm,6,0.39473684210526316,recipio,4,0.11617775196049956,dico/2,4,0.15791551519936833,cvmqve,5,0.19305019305019305,cavsa,6,0.410958904109589,svscipio,4,0.13136288998357964,alter,5,0.17806267806267806,fons,4,0.3574620196604111,doceo,4,0.14265335235378032,discipvlvs,5,0.41528239202657813
sacramentvm,6,0.39473684210526316,advenio,4,0.11617775196049956,svpersvm/1,4,0.15791551519936833,ivbeo,5,0.19305019305019305,loqvor,6,0.410958904109589,via,4,0.13136288998357964,aio,5,0.17806267806267806,aqva,4,0.3574620196604111,memoria,4,0.14265335235378032,percipio,5,0.41528239202657813
filia,6,0.39473684210526316,secedo/1,4,0.11617775196049956,nomen,4,0.15791551519936833,gero,5,0.19305019305019305,ecclesia,5,0.3424657534246575,observo,4,0.13136288998357964,devenio,5,0.17806267806267806,recipio,4,0.3574620196604111,ibi,4,0.14265335235378032,pars,5,0.41528239202657813
virgo,6,0.39473684210526316,coepio,4,0.11617775196049956,longvs,4,0.15791551519936833,filivs,5,0.19305019305019305,venio,5,0.3424657534246575,conspicio,4,0.13136288998357964,prior,4,0.14245014245014245,lvcidvs,4,0.3574620196604111,vita,4,0.14265335235378032,fidelis/2,5,0.41528239202657813
villa,6,0.39473684210526316,religio,4,0.11617775196049956,ivxta/1,4,0.15791551519936833,perficio,5,0.19305019305019305,certvs,5,0.3424657534246575,diligo/3,4,0.13136288998357964,venio,4,0.14245014245014245,vter/4,4,0.3574620196604111,frater,4,0.14265335235378032,mens,5,0.41528239202657813
perimo,6,0.39473684210526316,praedico/3,4,0.11617775196049956,recipio,4,0.15791551519936833,manvs/1,5,0.19305019305019305,terra,5,0.3424657534246575,observatio,4,0.13136288998357964,ibi,4,0.14245014245014245,adhvc,4,0.3574620196604111,fidelis/2,4,0.14265335235378032,sicvt/1,5,0.41528239202657813
prior,5,0.3289473684210526,animvs,4,0.11617775196049956,advenio,4,0.15791551519936833,christvs/n,4,0.15444015444015444,primvs,5,0.3424657534246575,abbatissa,4,0.13136288998357964,pars,4,0.14245014245014245,svmmvs,4,0.3574620196604111,nvllvs,4,0.14265335235378032,liber/1,5,0.41528239202657813
refero,5,0.3289473684210526,baptizo,4,0.11617775196049956,respondeo,4,0.15791551519936833,vervs,4,0.15444015444015444,intro/1,5,0.3424657534246575,sollemnis,4,0.13136288998357964,scio,4,0.14245014245014245,contingo/1,4,0.3574620196604111,soleo,4,0.14265335235378032,annvs,5,0.41528239202657813
venerabilis,5,0.3289473684210526,converto,4,0.11617775196049956,inqvio,4,0.15791551519936833,religiosvs,4,0.15444015444015444,convenio,5,0.3424657534246575,presbyter,3,0.09852216748768472,infirmitas,4,0.14245014245014245,sedes,4,0.3574620196604111,fero,4,0.14265335235378032,dominicvs,5,0.41528239202657813
nordanhymbri/n,5,0.3289473684210526,lectio,4,0.11617775196049956,volo/3,4,0.15791551519936833,pivs,4,0.15444015444015444,doctor,5,0.3424657534246575,gens,3,0.09852216748768472,nobilis/2,4,0.14245014245014245,respondeo,4,0.3574620196604111,rarvs,4,0.14265335235378032,apostolvs,5,0.41528239202657813
monasterivm,5,0.3289473684210526,loqvor,4,0.11617775196049956,hodie,4,0.15791551519936833,abba,4,0.15444015444015444,idolvm,5,0.3424657534246575,lego/2,3,0.09852216748768472,propter/2,4,0.14245014245014245,coepio,4,0.3574620196604111,oratio,4,0.14265335235378032,saecvlvm,5,0.41528239202657813
habeo,5,0.3289473684210526,filivs,4,0.11617775196049956,egredior,4,0.15791551519936833,memoria,4,0.15444015444015444,intelligo,5,0.3424657534246575,probo,3,0.09852216748768472,tres,4,0.14245014245014245,servo,4,0.3574620196604111,ieivnivm,4,0.14265335235378032,presbyter,4,0.33222591362126247
vnde/1,5,0.3289473684210526,ivdicivm,4,0.11617775196049956,vocabvlvm,4,0.15791551519936833,praesens,4,0.15444015444015444,rogo,5,0.3424657534246575,dignvs,3,0.09852216748768472,ibidem,4,0.14245014245014245,popvlvs/1,4,0.3574620196604111,defvngor,4,0.14265335235378032,nvper,4,0.33222591362126247
habito,5,0.3289473684210526,eo/1,4,0.11617775196049956,virtvs,4,0.15791551519936833,vita,4,0.15444015444015444,ocvlvs,5,0.3424657534246575,discipvlvs,3,0.09852216748768472,appropinqvo,4,0.14245014245014245,dominvs,4,0.3574620196604111,ordino,4,0.14265335235378032,nvnc,4,0.33222591362126247
servo,5,0.3289473684210526,ivvenis/2,4,0.11617775196049956,animvs,4,0.15791551519936833,corpvs,4,0.15444015444015444,praedicatio,5,0.3424657534246575,invenio,3,0.09852216748768472,consvo,4,0.14245014245014245,maneo,4,0.3574620196604111,loqvor,4,0.14265335235378032,sedvlvs,4,0.33222591362126247
imperivm,5,0.3289473684210526,eximivs,4,0.11617775196049956,oro,4,0.15791551519936833,contingo/1,4,0.15444015444015444,dispono,5,0.3424657534246575,hinc,3,0.09852216748768472,lectio,4,0.14245014245014245,necessarivs/2,4,0.3574620196604111,dolor,4,0.14265335235378032,refero,4,0.33222591362126247
regivs,5,0.3289473684210526,limen,4,0.11617775196049956,homo,4,0.15791551519936833,inqvio,4,0.15444015444015444,manvs/1,5,0.3424657534246575,svccessor,3,0.09852216748768472,creber,4,0.14245014245014245,vexillvm,4,0.3574620196604111,constrvo,4,0.14265335235378032,religiosvs,4,0.33222591362126247
qvasi/1,5,0.3289473684210526,tvvs,3,0.08713331397037467,gravis,4,0.15791551519936833,res,4,0.15444015444015444,cetervs,4,0.273972602739726,pervenio,3,0.09852216748768472,constrvo,4,0.14245014245014245,avfero,4,0.3574620196604111,anima,4,0.14265335235378032,pivs,4,0.33222591362126247
miles,5,0.3289473684210526,noster,3,0.08713331397037467,propono,4,0.15791551519936833,dvo,4,0.15444015444015444,beatvs,4,0.273972602739726,fidelis/2,3,0.09852216748768472,hostis,4,0.14245014245014245,pax,4,0.3574620196604111,ocvlvs,4,0.14265335235378032,exsisto,4,0.33222591362126247
qvod/1,5,0.3289473684210526,cvra,3,0.08713331397037467,intvs/2,4,0.15791551519936833,religio,4,0.15444015444015444,qvalis/1,4,0.273972602739726,obsecro,3,0.09852216748768472,vestis,4,0.14245014245014245,plenvs,3,0.2680965147453083,sepvlcrvm,4,0.14265335235378032,cantvari/n,4,0.33222591362126247
bonvs,4,0.2631578947368421,rego,3,0.08713331397037467,creber,4,0.15791551519936833,cvnctvs,4,0.15444015444015444,sancio,4,0.273972602739726,mevs,3,0.09852216748768472,agmen,4,0.14245014245014245,solvs,3,0.2680965147453083,clamo,4,0.14265335235378032,traditio,4,0.33222591362126247
vsqve,4,0.2631578947368421,cvro,3,0.08713331397037467,libero,4,0.15791551519936833,caelestis,4,0.15444015444015444,soleo,4,0.273972602739726,valeo,3,0.09852216748768472,interrogo,4,0.14245014245014245,sanctvs,3,0.2680965147453083,amplvs,4,0.14265335235378032,deniqve,4,0.33222591362126247
fidelis/2,4,0.2631578947368421,provincia,3,0.08713331397037467,ivdicivm,4,0.15791551519936833,parvvs/2,4,0.15444015444015444,adhvc,4,0.273972602739726,advenio,3,0.09852216748768472,amplvs,4,0.14245014245014245,nosco,3,0.2680965147453083,qvaero,4,0.14265335235378032,episcopvs,4,0.33222591362126247
corpvs,4,0.2631578947368421,pater,3,0.08713331397037467,teneo,4,0.15791551519936833,nihil,4,0.15444015444015444,dies,4,0.273972602739726,accipio,3,0.09852216748768472,similis,4,0.14245014245014245,noster,3,0.2680965147453083,sanitas,4,0.14265335235378032,ministerivm,4,0.33222591362126247
lingva,4,0.2631578947368421,frater,3,0.08713331397037467,interrogo,4,0.15791551519936833,fvngor,4,0.15444015444015444,capvt,4,0.273972602739726,incipio,3,0.09852216748768472,pavlatim,4,0.14245014245014245,devs,3,0.2680965147453083,corripio,4,0.14265335235378032,frater,4,0.33222591362126247
perhibeo,4,0.2631578947368421,habeo,3,0.08713331397037467,placeo,4,0.15791551519936833,amor,4,0.15444015444015444,aeternvs,4,0.273972602739726,ergo/2,3,0.09852216748768472,cvpio,4,0.14245014245014245,rego,3,0.2680965147453083,splendor,4,0.14265335235378032,monasterivm,4,0.33222591362126247
qvamvis/1,4,0.2631578947368421,credo,3,0.08713331397037467,postvlo,4,0.15791551519936833,benedictio,4,0.15444015444015444,regnvm,4,0.273972602739726,ambo/2,3,0.09852216748768472,castigo,4,0.14245014245014245,scribo,3,0.2680965147453083,gloriosvs,3,0.10699001426533523,memini,4,0.33222591362126247
magnvs,4,0.2631578947368421,qvondam,3,0.08713331397037467,narro,4,0.15791551519936833,prex,4,0.15444015444015444,fvtvrvs,4,0.273972602739726,do,3,0.09852216748768472,stvdivm,3,0.10683760683760685,roma/n,3,0.2680965147453083,presbyter,3,0.10699001426533523,excipio,4,0.33222591362126247
potivs,4,0.2631578947368421,vmqvam,3,0.08713331397037467,virvs,4,0.15791551519936833,postvlo,4,0.15444015444015444,regivs,4,0.273972602739726,hodie,3,0.09852216748768472,tvvs,3,0.10683760683760685,pater,3,0.2680965147453083,probo,3,0.10699001426533523,veritas,4,0.33222591362126247
ibidem,4,0.2631578947368421,accipio,3,0.08713331397037467,cresco,4,0.15791551519936833,gavdeo,4,0.15444015444015444,assensvs,4,0.273972602739726,consto,3,0.09852216748768472,sedvlvs,3,0.10683760683760685,affero,3,0.2680965147453083,avdio,3,0.10699001426533523,habeo,4,0.33222591362126247
relinqvo,4,0.2631578947368421,fero,3,0.08713331397037467,torqveo,4,0.15791551519936833,revoco,4,0.15444015444015444,nolo,4,0.273972602739726,consvetvdo,3,0.09852216748768472,salvs,3,0.10683760683760685,praesens,3,0.2680965147453083,vervs,3,0.10699001426533523,redeo/1,4,0.33222591362126247
mos,4,0.2631578947368421,consentio,3,0.08713331397037467,gravo,4,0.15791551519936833,diligo/3,4,0.15444015444015444,vester,4,0.273972602739726,mitto,3,0.09852216748768472,institvo,3,0.10683760683760685,natio/1,3,0.2680965147453083,nosco,3,0.10699001426533523,aspicio,4,0.33222591362126247
servio,4,0.2631578947368421,promitto,3,0.08713331397037467,somnvs,4,0.15791551519936833,iter,4,0.15444015444015444,mos,4,0.273972602739726,christianvs/2,3,0.09852216748768472,provincia,3,0.10683760683760685,litvs,3,0.2680965147453083,affero,3,0.10699001426533523,dvo,4,0.33222591362126247
siqvidem,4,0.2631578947368421,ritvs,3,0.08713331397037467,ingravesco,4,0.15791551519936833,cvpio,4,0.15444015444015444,deprecor,4,0.273972602739726,svpero,3,0.09852216748768472,erga,3,0.10683760683760685,aer,3,0.2680965147453083,vsqve,3,0.10699001426533523,aeternvs,4,0.33222591362126247
hostis,4,0.2631578947368421,cvnctvs,3,0.08713331397037467,christvs/n,3,0.11843663639952626,nvper,3,0.11583011583011582,sperno,4,0.273972602739726,hvc,3,0.09852216748768472,ago,3,0.10683760683760685,medivs,3,0.2680965147453083,credo,3,0.10699001426533523,caelestis,4,0.33222591362126247
pax,4,0.2631578947368421,gradvs,3,0.08713331397037467,sedvlvs,3,0.11843663639952626,qvoqve,3,0.11583011583011582,animvs,4,0.273972602739726,ieivnivm,3,0.09852216748768472,sancio,3,0.10683760683760685,permaneo,3,0.2680965147453083,nomen,3,0.10699001426533523,labor/1,4,0.33222591362126247
via,4,0.2631578947368421,postqvam,3,0.08713331397037467,qvoqve,3,0.11843663639952626,simvl/1,3,0.11583011583011582,praedico/2,4,0.273972602739726,animvs,3,0.09852216748768472,libellvs,3,0.10683760683760685,advenio,3,0.2680965147453083,ardor,3,0.10699001426533523,semper,4,0.33222591362126247
teneo,4,0.2631578947368421,dvco,3,0.08713331397037467,abba,3,0.11843663639952626,doceo,3,0.11583011583011582,qvatvor,4,0.273972602739726,baptizo,3,0.09852216748768472,mevs,3,0.10683760683760685,nimirvm,3,0.2680965147453083,modvs,3,0.10699001426533523,gloriosvs,3,0.24916943521594684
interrogo,4,0.2631578947368421,qvodammodo,3,0.08713331397037467,provincia,3,0.11843663639952626,theodore/n1,3,0.11583011583011582,malvs/3,4,0.273972602739726,debeo,3,0.09852216748768472,aperio,3,0.10683760683760685,hora,3,0.2680965147453083,adhvc,3,0.10699001426533523,rex,3,0.24916943521594684
bellvm,4,0.2631578947368421,ivvo,3,0.08713331397037467,reverto,3,0.11843663639952626,nonnvllvs,3,0.11583011583011582,pecvnia,4,0.273972602739726,saecvlvm,3,0.09852216748768472,praeclarvs,3,0.10683760683760685,lingva,3,0.2680965147453083,perhibeo,3,0.10699001426533523,desidero,3,0.24916943521594684
regno,4,0.2631578947368421,mater,3,0.08713331397037467,exinde,3,0.11843663639952626,pars,3,0.11583011583011582,eripio,4,0.273972602739726,mvto/2,3,0.09852216748768472,soleo,3,0.10683760683760685,ingredior,3,0.2680965147453083,inqvio,3,0.10699001426533523,tvvs,3,0.24916943521594684
ascendo,4,0.2631578947368421,minister/1,3,0.08713331397037467,avdeo,3,0.11843663639952626,opvs/1,3,0.11583011583011582,maior,4,0.273972602739726,pvlvis,3,0.09852216748768472,aqva,3,0.10683760683760685,finis,3,0.2680965147453083,qvin/1,3,0.10699001426533523,memoro,3,0.24916943521594684
simvl/1,3,0.19736842105263158,necessitas,3,0.08713331397037467,episcopvs,3,0.11843663639952626,pervenio,3,0.11583011583011582,necessitas,4,0.273972602739726,immo,3,0.09852216748768472,advenio,3,0.10683760683760685,qvamvis/1,3,0.2680965147453083,gavdivm,3,0.10699001426533523,rego,3,0.24916943521594684
divinvs/2,3,0.19736842105263158,svccedo/1,3,0.08713331397037467,vita,3,0.11843663639952626,obsecro,3,0.11583011583011582,svvm,4,0.273972602739726,ordino,3,0.09852216748768472,incipio,3,0.10683760683760685,res,3,0.2680965147453083,ivbeo,3,0.10699001426533523,divinvs/2,3,0.24916943521594684
salvs,3,0.19736842105263158,annvo,3,0.08713331397037467,corpvs,3,0.11843663639952626,svpernvs,3,0.11583011583011582,appareo,4,0.273972602739726,intelligo,3,0.09852216748768472,magnvs,3,0.10683760683760685,hactenvs,3,0.2680965147453083,vocabvlvm,3,0.10699001426533523,dvbito,3,0.24916943521594684
video,3,0.19736842105263158,ablvo,3,0.08713331397037467,mvltvs,3,0.11843663639952626,singvlvs,3,0.11583011583011582,trado,4,0.273972602739726,edoceo,3,0.09852216748768472,dono,3,0.10683760683760685,secerno,3,0.2680965147453083,assvm/1,3,0.10699001426533523,revereor,3,0.24916943521594684
vox,3,0.19736842105263158,corrigo,3,0.08713331397037467,ivmentvm,3,0.11843663639952626,nomen,3,0.11583011583011582,qviesco,4,0.273972602739726,svpra/2,3,0.09852216748768472,volo/3,3,0.10683760683760685,ivbeo,3,0.2680965147453083,morior,3,0.10699001426533523,memoria,3,0.24916943521594684
romanvs/a,3,0.19736842105263158,soror,3,0.08713331397037467,noctvrnvs,3,0.11843663639952626,civitas,3,0.11583011583011582,qvaero,4,0.273972602739726,ivdicivm,3,0.09852216748768472,flvmen,3,0.10683760683760685,domvs,3,0.2680965147453083,oro,3,0.10699001426533523,vox,3,0.24916943521594684
praefor,3,0.19736842105263158,vervs,2,0.05808887598024978,ingredior,3,0.11843663639952626,terra,3,0.11583011583011582,rex,3,0.2054794520547945,commendo,3,0.09852216748768472,regnvm,3,0.10683760683760685,cotidie,3,0.2680965147453083,gradvs,3,0.10699001426533523,postea,3,0.24916943521594684
insvla,3,0.19736842105263158,doceo,2,0.05808887598024978,servo,3,0.11843663639952626,adhvc,3,0.11583011583011582,probo,3,0.2054794520547945,alter,3,0.09852216748768472,domvs,3,0.10683760683760685,transeo/1,3,0.2680965147453083,devotio,3,0.10699001426533523,nonnvllvs,3,0.24916943521594684
veritas,3,0.19736842105263158,venerabilis,2,0.05808887598024978,remaneo,3,0.11843663639952626,vtpote,3,0.11583011583011582,sanctvs,3,0.2054794520547945,interrogo,3,0.09852216748768472,svpervenio,3,0.10683760683760685,sacramentvm,3,0.2680965147453083,actvs/3,3,0.10699001426533523,invenio,3,0.24916943521594684
credo,3,0.19736842105263158,pontifex,2,0.05808887598024978,qvin/1,3,0.11843663639952626,ingredior,3,0.11583011583011582,simvl/1,3,0.2054794520547945,minister/1,3,0.09852216748768472,dvm/2,3,0.10683760683760685,pietas,3,0.2680965147453083,immo,3,0.10699001426533523,itaqve,3,0.24916943521594684
lapis,3,0.19736842105263158,colligo/3,2,0.05808887598024978,mitto,3,0.11843663639952626,peto,3,0.11583011583011582,divinvs/2,3,0.2054794520547945,perficio,3,0.09852216748768472,debeo,3,0.10683760683760685,svscipio,3,0.2680965147453083,seqvor,3,0.10699001426533523,colligo/3,3,0.24916943521594684
instrvo,3,0.19736842105263158,condo,2,0.05808887598024978,aeternvs,3,0.11843663639952626,sto,3,0.11583011583011582,consilivm,3,0.2054794520547945,nvmqvam,3,0.09852216748768472,gradvs,3,0.10683760683760685,conseqvor,3,0.2680965147453083,lectio,3,0.10699001426533523,exinde,3,0.24916943521594684
peto,3,0.19736842105263158,ago,2,0.05808887598024978,regnvm,3,0.11843663639952626,consvetvdo,3,0.11583011583011582,pater,3,0.2054794520547945,actio,3,0.09852216748768472,transeo/1,3,0.10683760683760685,christvs/n,2,0.17873100983020554,involvo,3,0.10699001426533523,praesens,3,0.24916943521594684
cvmqve,3,0.19736842105263158,excipio,2,0.05808887598024978,ibidem,3,0.11843663639952626,svpervenio,3,0.11583011583011582,percipio,3,0.2054794520547945,revoco,3,0.09852216748768472,ostendo,3,0.10683760683760685,desidero,2,0.17873100983020554,membrvm,3,0.10699001426533523,proximvs,3,0.24916943521594684
patria,3,0.19736842105263158,mevs,2,0.05808887598024978,hvc,3,0.11843663639952626,prohibeo,3,0.11583011583011582,gratia,3,0.2054794520547945,veneratio,3,0.09852216748768472,continvvs,3,0.10683760683760685,scriptvra,2,0.17873100983020554,oportet,3,0.10699001426533523,mercii/n,3,0.24916943521594684
gavdivm,3,0.19736842105263158,nomen,2,0.05808887598024978,avfero,3,0.11843663639952626,ieivnivm,3,0.11583011583011582,sacerdos,3,0.2054794520547945,disciplina,3,0.09852216748768472,vaco,3,0.10683760683760685,religiosvs,2,0.17873100983020554,narro,3,0.10699001426533523,erga,3,0.24916943521594684
vllvs,3,0.19736842105263158,qvidam,2,0.05808887598024978,miracvlvm,3,0.11843663639952626,servio,3,0.11583011583011582,pervenio,3,0.2054794520547945,necesse,3,0.09852216748768472,ivdicivm,3,0.10683760683760685,disco,2,0.17873100983020554,femina,3,0.10699001426533523,sancio,3,0.24916943521594684
virtvs,3,0.19736842105263158,nvllvs,2,0.05808887598024978,saecvlaris,3,0.11843663639952626,animvs,3,0.11583011583011582,scio,3,0.2054794520547945,prior,2,0.06568144499178982,cerno,3,0.10683760683760685,romanvs/a,2,0.17873100983020554,tango,3,0.10699001426533523,libellvs,3,0.24916943521594684
morior,3,0.19736842105263158,sicvt/1,2,0.05808887598024978,transeo/1,3,0.11843663639952626,baptizo,3,0.11583011583011582,veritas,3,0.2054794520547945,stvdivm,2,0.06568144499178982,pertineo,3,0.10683760683760685,invenio,2,0.17873100983020554,clades,3,0.10699001426533523,simplex,3,0.24916943521594684
confero,3,0.19736842105263158,sex,2,0.05808887598024978,proficio,3,0.11843663639952626,conflvo,3,0.11583011583011582,pono,3,0.2054794520547945,vigilo,2,0.06568144499178982,ecce,3,0.10683760683760685,itaqve,2,0.17873100983020554,indicivm,3,0.10699001426533523,maximvs,3,0.24916943521594684
incarnatio,3,0.19736842105263158,lingva,2,0.05808887598024978,qvomodo/1,3,0.11843663639952626,postqvam,3,0.11583011583011582,qvondam,3,0.2054794520547945,notitia,2,0.06568144499178982,timeo,3,0.10683760683760685,percipio,2,0.17873100983020554,prosvm/1,3,0.10699001426533523,adhvc,3,0.24916943521594684
apostolvs,3,0.19736842105263158,ergo/2,2,0.05808887598024978,qvantvs/1,3,0.11843663639952626,transfero,3,0.11583011583011582,vmqvam,3,0.2054794520547945,scribo,2,0.06568144499178982,teneo,3,0.10683760683760685,deniqve,2,0.17873100983020554,morbvs,3,0.10699001426533523,inqvio,3,0.24916943521594684
idolvm,3,0.19736842105263158,respondeo,2,0.05808887598024978,constrvo,3,0.11843663639952626,potestas,3,0.11583011583011582,ignis,3,0.2054794520547945,revereor,2,0.06568144499178982,accedo/1,3,0.10683760683760685,proximvs,2,0.17873100983020554,ianva,3,0.10699001426533523,volo/3,3,0.24916943521594684
gloria,3,0.19736842105263158,res,2,0.05808887598024978,exspecto,3,0.11843663639952626,pecvnia,3,0.11583011583011582,nvmervs,3,0.2054794520547945,memoria,2,0.06568144499178982,perficio,3,0.10683760683760685,avstralis,2,0.17873100983020554,desidero,2,0.07132667617689016,tantvs,3,0.24916943521594684
lvx,3,0.19736842105263158,percvtio,2,0.05808887598024978,timeo,3,0.11843663639952626,verax,3,0.11583011583011582,lingva,3,0.2054794520547945,venerabilis,2,0.06568144499178982,cogitatio,3,0.10683760683760685,diversvs,2,0.17873100983020554,omnis,2,0.07132667617689016,mitto,3,0.24916943521594684
ostendo,3,0.19736842105263158,familia,2,0.05808887598024978,membrvm,3,0.11843663639952626,desiderivm,3,0.11583011583011582,confiteor,3,0.2054794520547945,institvo,2,0.06568144499178982,tormentvm,3,0.10683760683760685,innvmervs,2,0.17873100983020554,ervdio,2,0.07132667617689016,donec,3,0.24916943521594684
barbarvs/2,3,0.19736842105263158,tantvs,2,0.05808887598024978,prex,3,0.11843663639952626,pax,3,0.11583011583011582,fero,3,0.2054794520547945,roma/n,2,0.06568144499178982,eqvito,3,0.10683760683760685,excipio,2,0.17873100983020554,postea,2,0.07132667617689016,cvnctvs,3,0.24916943521594684
os/1,3,0.19736842105263158,maneo,2,0.05808887598024978,statim,3,0.11843663639952626,facies,3,0.11583011583011582,do,3,0.2054794520547945,frater,2,0.06568144499178982,timor,3,0.10683760683760685,siqvis,2,0.17873100983020554,perfero,2,0.07132667617689016,secvndvs/1,3,0.24916943521594684
accedo/1,3,0.19736842105263158,peregrinvs/2,2,0.05808887598024978,abeo/1,3,0.11843663639952626,trado,3,0.11583011583011582,hodie,3,0.2054794520547945,monasterivm,2,0.06568144499178982,immensvs,3,0.10683760683760685,veritas,2,0.17873100983020554,deniqve,2,0.07132667617689016,dvm/2,3,0.24916943521594684
minister/1,3,0.19736842105263158,socio,2,0.05808887598024978,qviesco,3,0.11843663639952626,abeo/1,3,0.11583011583011582,tertivs,3,0.2054794520547945,antistes,2,0.06568144499178982,insisto,3,0.10683760683760685,pono,2,0.17873100983020554,episcopvs,2,0.07132667617689016,postqvam,3,0.24916943521594684
praebeo,3,0.19736842105263158,sperno,2,0.05808887598024978,svccedo/1,3,0.11843663639952626,cogitatio,3,0.11583011583011582,consvetvdo,3,0.2054794520547945,siqvis,2,0.06568144499178982,corripio,3,0.10683760683760685,vnde/1,2,0.17873100983020554,mando/2,2,0.07132667617689016,saecvlaris,3,0.24916943521594684
tandem,3,0.19736842105263158,honor,2,0.05808887598024978,fervor,3,0.11843663639952626,faveo,3,0.11583011583011582,mitto,3,0.2054794520547945,aliter,2,0.06568144499178982,emendo,3,0.10683760683760685,ivmentvm,2,0.17873100983020554,olim,2,0.07132667617689016,perfectio,3,0.24916943521594684
fortis,3,0.19736842105263158,congrvvs,2,0.05808887598024978,sanitas,3,0.11843663639952626,presbyterivm,3,0.11583011583011582,caelvm/1,3,0.2054794520547945,qvondam,2,0.06568144499178982,plenvs,2,0.07122507122507123,mvltvm/2,2,0.17873100983020554,siqvis,2,0.07132667617689016,mors,3,0.24916943521594684
svvm,3,0.19736842105263158,possessio,2,0.05808887598024978,excito/1,3,0.11843663639952626,honorificvs,3,0.11583011583011582,ministro,3,0.2054794520547945,civitas,2,0.06568144499178982,noster,2,0.07122507122507123,pvlcher,2,0.17873100983020554,intercessio,2,0.07132667617689016,actvs/3,3,0.24916943521594684
impetvs,3,0.19736842105263158,pontificatvs,2,0.05808887598024978,cvlmen,3,0.11843663639952626,sceptrvm,3,0.11583011583011582,licentia,3,0.2054794520547945,qvidam,2,0.06568144499178982,religiosvs,2,0.07122507122507123,ardeo,2,0.17873100983020554,mvltvs,2,0.07132667617689016,ordino,3,0.24916943521594684
consecro,3,0.19736842105263158,vrbs,2,0.05808887598024978,locvlvs,3,0.11843663639952626,gens,2,0.07722007722007722,virtvs,3,0.2054794520547945,lapis,2,0.06568144499178982,svbtraho,2,0.07122507122507123,ferrvm,2,0.17873100983020554,aperio,2,0.07132667617689016,cavsa,3,0.24916943521594684
imbvo,3,0.19736842105263158,amor,2,0.05808887598024978,dehinc,3,0.11843663639952626,nvnc,2,0.07722007722007722,ira,3,0.2054794520547945,dono,2,0.06568144499178982,reverto,2,0.07122507122507123,praeter/2,2,0.17873100983020554,terra,2,0.07132667617689016,resvrrectio,3,0.24916943521594684
incedo/1,3,0.19736842105263158,sors,2,0.05808887598024978,removeo,3,0.11843663639952626,cvra,2,0.07722007722007722,oratio,3,0.2054794520547945,volo/3,2,0.06568144499178982,pater,2,0.07122507122507123,plaga/2,2,0.17873100983020554,nobilis/2,2,0.07132667617689016,dolor,3,0.24916943521594684
cresco,3,0.19736842105263158,reddo,2,0.05808887598024978,nosco,2,0.07895775759968417,sollicitvs,2,0.07722007722007722,ieivnivm,3,0.2054794520547945,res,2,0.06568144499178982,qvalis/1,2,0.07122507122507123,redeo/1,2,0.17873100983020554,matvtinvs,2,0.07132667617689016,ocvlvs,3,0.24916943521594684
disco,2,0.13157894736842105,commendo,2,0.05808887598024978,noster,2,0.07895775759968417,dignvs,2,0.07722007722007722,dvm/2,3,0.2054794520547945,qvin/1,2,0.06568144499178982,simplex,2,0.07122507122507123,scientia,2,0.17873100983020554,contingo/1,2,0.07132667617689016,mater,3,0.24916943521594684
cantvari/n,2,0.13157894736842105,pvgno,2,0.05808887598024978,religiosvs,2,0.07895775759968417,venerabilis,2,0.07722007722007722,confero,3,0.2054794520547945,tantvs,2,0.06568144499178982,siqvis,2,0.07122507122507123,commvnis,2,0.17873100983020554,ingredior,2,0.07132667617689016,lavs,3,0.24916943521594684
archiepiscopvs,2,0.13157894736842105,pax,2,0.05808887598024978,dignvs,2,0.07895775759968417,institvo,2,0.07722007722007722,dvco,3,0.2054794520547945,interpres,2,0.06568144499178982,credo,2,0.07122507122507123,perhibeo,2,0.17873100983020554,do,2,0.07132667617689016,perficio,3,0.24916943521594684
institvo,2,0.13157894736842105,vestis,2,0.05808887598024978,accendo,2,0.07895775759968417,video,2,0.07722007722007722,habitvs/1,3,0.2054794520547945,religio,2,0.06568144499178982,britannia/n,2,0.07122507122507123,impetro,2,0.17873100983020554,servo,2,0.07132667617689016,probo,2,0.16611295681063123
papa,2,0.13157894736842105,offero,2,0.05808887598024978,doceo,2,0.07895775759968417,pontifex,2,0.07722007722007722,labor/1,3,0.2054794520547945,avfero,2,0.06568144499178982,qvondam,2,0.07122507122507123,dono,2,0.17873100983020554,sto,2,0.07132667617689016,plenvs,2,0.16611295681063123
postea,2,0.13157894736842105,canto,2,0.05808887598024978,memoria,2,0.07895775759968417,percipio,2,0.07722007722007722,immo,3,0.2054794520547945,velvt/1,2,0.06568144499178982,flvvivs,2,0.07122507122507123,ambo/2,2,0.17873100983020554,propter/2,2,0.07132667617689016,meditor,2,0.16611295681063123
percipio,2,0.13157894736842105,placeo,2,0.05808887598024978,video,2,0.07895775759968417,svccessor,2,0.07722007722007722,altar,3,0.2054794520547945,doctrina,2,0.06568144499178982,copiosvs,2,0.07122507122507123,resto,2,0.17873100983020554,vivo,2,0.07132667617689016,stvdivm,2,0.16611295681063123
deniqve,2,0.13157894736842105,div,2,0.05808887598024978,vox,2,0.07895775759968417,deniqve,2,0.07722007722007722,spiritvs,3,0.2054794520547945,svavis,2,0.06568144499178982,pvlcher,2,0.07122507122507123,cvmqve,2,0.17873100983020554,ferme,2,0.07132667617689016,scriptvra,2,0.16611295681063123
frater,2,0.13157894736842105,gladivs,2,0.05808887598024978,ibi,2,0.07895775759968417,lindissi/n,2,0.07722007722007722,tot,3,0.2054794520547945,gradvs,2,0.06568144499178982,nvllvs,2,0.07122507122507123,tertivs,2,0.17873100983020554,praecipio,2,0.07132667617689016,sollicitvs,2,0.16611295681063123
antistes,2,0.13157894736842105,fvga,2,0.05808887598024978,condo,2,0.07895775759968417,lindisfarnensis/a,2,0.07722007722007722,barbarvs/2,3,0.2054794520547945,confero,2,0.06568144499178982,aer,2,0.07122507122507123,sto,2,0.17873100983020554,ministro,2,0.07132667617689016,occasio,2,0.16611295681063123
sancio,2,0.13157894736842105,statim,2,0.05808887598024978,lindissi/n,2,0.07895775759968417,qvidam,2,0.07722007722007722,hvmilis,3,0.2054794520547945,transfero,2,0.06568144499178982,nox,2,0.07122507122507123,potivs,2,0.17873100983020554,christianvs/2,2,0.07132667617689016,svbtraho,2,0.16611295681063123
natio/1,2,0.13157894736842105,indico/1,2,0.05808887598024978,erga,2,0.07895775759968417,praeclarvs,2,0.07722007722007722,celebro,3,0.2054794520547945,pontificatvs,2,0.06568144499178982,vtpote,2,0.07122507122507123,patria,2,0.17873100983020554,vester,2,0.07132667617689016,abba,2,0.16611295681063123
mens,2,0.13157894736842105,absolvo,2,0.05808887598024978,antistes,2,0.07895775759968417,nvllvs,2,0.07722007722007722,sacer,3,0.2054794520547945,parvvs/2,2,0.06568144499178982,lingva,2,0.07122507122507123,sine,2,0.17873100983020554,misericordia,2,0.07132667617689016,doceo,2,0.16611295681063123
saepe,2,0.13157894736842105,pergo,2,0.05808887598024978,memini,2,0.07895775759968417,vmqvam,2,0.07722007722007722,teneo,3,0.2054794520547945,homo,2,0.06568144499178982,peto,2,0.07122507122507123,donec,2,0.17873100983020554,caelestis,2,0.07132667617689016,ervdio,2,0.16611295681063123
mvltvs,2,0.13157894736842105,postmodvm,2,0.05808887598024978,svpernvs,2,0.07895775759968417,soleo,2,0.07722007722007722,svadeo,3,0.2054794520547945,decet,2,0.06568144499178982,sino,2,0.07122507122507123,regivs,2,0.17873100983020554,praedico/2,2,0.07132667617689016,institvo,2,0.16611295681063123
flvvivs,2,0.13157894736842105,ordo,2,0.05808887598024978,pvlcher,2,0.07895775759968417,qvia,2,0.07722007722007722,flecto,3,0.2054794520547945,semper,2,0.06568144499178982,coepio,2,0.07122507122507123,ritvs,2,0.17873100983020554,differo,2,0.07132667617689016,roma/n,2,0.16611295681063123
inclvdo,2,0.13157894736842105,vbicvmqve/2,2,0.05808887598024978,aqva,2,0.07895775759968417,iaceo,2,0.07722007722007722,praedico/1,3,0.2054794520547945,cavsa,2,0.06568144499178982,consentio,2,0.07122507122507123,commvnico,2,0.17873100983020554,caro/1,2,0.07132667617689016,venio,2,0.16611295681063123
ferrvm,2,0.13157894736842105,devenio,2,0.05808887598024978,ignis,2,0.07895775759968417,qvaestio,2,0.07722007722007722,narro,3,0.2054794520547945,sacramentvm,2,0.06568144499178982,hodie,2,0.07122507122507123,benignvs,2,0.17873100983020554,praemivm,2,0.07132667617689016,ibi,2,0.16611295681063123
qvia,2,0.13157894736842105,sabbatvm,2,0.05808887598024978,praeter/2,2,0.07895775759968417,permaneo,2,0.07722007722007722,bellvm,3,0.2054794520547945,incoho,2,0.06568144499178982,procedo/1,2,0.07122507122507123,socio,2,0.17873100983020554,amo,2,0.07132667617689016,praesvm/1,2,0.16611295681063123
nox,2,0.13157894736842105,sano,2,0.05808887598024978,prope/2,2,0.07895775759968417,matvtinvs,2,0.07722007722007722,exercitvs/1,3,0.2054794520547945,siqvidem,2,0.06568144499178982,nemo,2,0.07122507122507123,misericordia,2,0.17873100983020554,perdo,2,0.07132667617689016,consilivm,2,0.16611295681063123
adhvc,2,0.13157894736842105,devoveo,2,0.05808887598024978,permaneo,2,0.07895775759968417,nimirvm,2,0.07722007722007722,gladivs,3,0.2054794520547945,loqvor,2,0.06568144499178982,secerno,2,0.07122507122507123,animvs,2,0.17873100983020554,expleo,2,0.07132667617689016,svccessor,2,0.16611295681063123
contra/2,2,0.13157894736842105,passio,2,0.05808887598024978,do,2,0.07895775759968417,secedo/1,2,0.07722007722007722,cogitatio,3,0.2054794520547945,testimonivm,2,0.06568144499178982,dvo,2,0.07122507122507123,doctrina,2,0.17873100983020554,qvantvs/1,2,0.07132667617689016,perfero,2,0.16611295681063123
hora,2,0.13157894736842105,princeps/2,2,0.05808887598024978,tertivs,2,0.07895775759968417,primvs,2,0.07722007722007722,salvto,3,0.2054794520547945,reddo,2,0.06568144499178982,donec,2,0.07122507122507123,dvm/2,2,0.17873100983020554,clarvs,2,0.07132667617689016,nordanhymbri/n,2,0.16611295681063123
sex,2,0.13157894736842105,condignvs,2,0.05808887598024978,spativm,2,0.07895775759968417,resto,2,0.07722007722007722,qvod/1,3,0.2054794520547945,pereo/1,2,0.06568144499178982,antea,2,0.07122507122507123,converto,2,0.17873100983020554,intvs/2,2,0.07132667617689016,insvla,2,0.16611295681063123
ergo/2,2,0.13157894736842105,vicinia,2,0.05808887598024978,dvo,2,0.07895775759968417,eligo/3,2,0.07722007722007722,sacro,3,0.2054794520547945,neqvaqvam,2,0.06568144499178982,ritvs,2,0.07122507122507123,profero,2,0.17873100983020554,libero,2,0.07132667617689016,mando/2,2,0.16611295681063123
ambo/2,2,0.13157894736842105,gloriosvs,1,0.02904443799012489,dominvs,2,0.07895775759968417,vivo,2,0.07722007722007722,sanitas,3,0.2054794520547945,timeo,2,0.06568144499178982,praedico/3,2,0.07122507122507123,dvco,2,0.17873100983020554,vestimentvm,2,0.07132667617689016,sacerdos,2,0.16611295681063123
adeo/1,2,0.13157894736842105,presbyter,1,0.02904443799012489,christianvs/2,2,0.07895775759968417,dives,2,0.07722007722007722,desidero,2,0.136986301369863,socivs/2,2,0.06568144499178982,oratio,2,0.07122507122507123,devotio,2,0.17873100983020554,migro,2,0.07132667617689016,pervenio,2,0.16611295681063123
hodie,2,0.13157894736842105,prior,1,0.02904443799012489,mos,2,0.07895775759968417,imperivm,2,0.07722007722007722,sedvlvs,2,0.136986301369863,migro,2,0.06568144499178982,vigilia,2,0.07122507122507123,caro/1,2,0.17873100983020554,resvrgo,2,0.07132667617689016,recipero,2,0.16611295681063123
dvx,2,0.13157894736842105,probo,1,0.02904443799012489,servio,2,0.07895775759968417,aeternvs,2,0.07722007722007722,dignvs,2,0.136986301369863,ivs/1,2,0.06568144499178982,differo,2,0.07122507122507123,perdo,2,0.17873100983020554,agmen,2,0.07132667617689016,qvalis/1,2,0.16611295681063123
propter/2,2,0.13157894736842105,nvnc,1,0.02904443799012489,dominicvs,2,0.07895775759968417,vllvs,2,0.07722007722007722,cvro,2,0.136986301369863,vvltvs,2,0.06568144499178982,profero,2,0.07122507122507123,exemplvm,2,0.17873100983020554,traho,2,0.07132667617689016,condo,2,0.16611295681063123
dives,2,0.13157894736842105,meditor,1,0.02904443799012489,sermo,2,0.07895775759968417,peregrinvs/2,2,0.07722007722007722,provincia,2,0.136986301369863,praebeo,2,0.06568144499178982,cogito,2,0.07122507122507123,amor,2,0.17873100983020554,div,2,0.07132667617689016,innvmervs,2,0.16611295681063123
spativm,2,0.13157894736842105,stvdivm,1,0.02904443799012489,parvvs/2,2,0.07895775759968417,misericordia,2,0.07722007722007722,littera,2,0.136986301369863,devoto,2,0.06568144499178982,iacto,2,0.07122507122507123,lvx,2,0.17873100983020554,tandem,2,0.07132667617689016,reperio,2,0.16611295681063123
flvmen,2,0.13157894736842105,amplector,1,0.02904443799012489,devotio,2,0.07895775759968417,morior,2,0.07722007722007722,traditio,2,0.136986301369863,sentio,2,0.06568144499178982,qvodammodo,2,0.07122507122507123,nescio,2,0.17873100983020554,tollo,2,0.07132667617689016,siqvis,2,0.16611295681063123
magnitvdo,2,0.13157894736842105,religiosvs,1,0.02904443799012489,saecvlvm,2,0.07895775759968417,doctrina,2,0.07722007722007722,videlicet,2,0.136986301369863,sacrosanctvs,2,0.06568144499178982,nihil,2,0.07122507122507123,hvmilis,2,0.17873100983020554,filia,2,0.07132667617689016,natio/1,2,0.16611295681063123
familia,2,0.13157894736842105,dignvs,1,0.02904443799012489,cogito,2,0.07895775759968417,miracvlvm,2,0.07722007722007722,invenio,2,0.136986301369863,sapio,2,0.06568144499178982,seqvor,2,0.07122507122507123,via,2,0.17873100983020554,svbeo/1,2,0.07132667617689016,singvlvs,2,0.16611295681063123
interpres,2,0.13157894736842105,memoro,1,0.02904443799012489,caro/1,2,0.07895775759968417,doctor,2,0.07722007722007722,praefor,2,0.136986301369863,cedo/1,2,0.06568144499178982,exemplvm,2,0.07122507122507123,aio,2,0.17873100983020554,examino,2,0.07132667617689016,incola,2,0.16611295681063123
obtempero,2,0.13157894736842105,avctoritas,1,0.02904443799012489,mors,2,0.07895775759968417,debeo,2,0.07722007722007722,affero,2,0.136986301369863,festino,2,0.06568144499178982,manifestvs,2,0.07122507122507123,minister/1,2,0.17873100983020554,exhibeo,2,0.07132667617689016,qvidam,2,0.16611295681063123
comes,2,0.13157894736842105,scribo,1,0.02904443799012489,qvodammodo,2,0.07895775759968417,defvngor,2,0.07722007722007722,colligo/3,2,0.136986301369863,qvaero,2,0.06568144499178982,lvx,2,0.07122507122507123,perficio,2,0.17873100983020554,consecro,2,0.07132667617689016,aetas,2,0.16611295681063123
praedico/2,2,0.13157894736842105,abba,1,0.02904443799012489,nihil,2,0.07895775759968417,pontificatvs,2,0.07722007722007722,olim,2,0.136986301369863,templvm,2,0.06568144499178982,clarvs,2,0.07122507122507123,pascha,2,0.17873100983020554,infero,2,0.07132667617689016,recipio,2,0.16611295681063123
oro,2,0.13157894736842105,revereor,1,0.02904443799012489,siqvidem,2,0.07895775759968417,devotio,2,0.07722007722007722,monasterivm,2,0.136986301369863,sacro,2,0.06568144499178982,moveo,2,0.07122507122507123,observo,2,0.17873100983020554,absolvo,2,0.07132667617689016,sex,2,0.16611295681063123
converto,2,0.13157894736842105,beatvs,1,0.02904443799012489,laboro,2,0.07895775759968417,saecvlaris,2,0.07722007722007722,infirmitas,2,0.136986301369863,pergo,2,0.06568144499178982,perdvco,2,0.07122507122507123,consvlo,2,0.17873100983020554,divinitvs,2,0.07132667617689016,lingva,2,0.16611295681063123
gradvs,2,0.13157894736842105,discipvlvs,1,0.02904443799012489,patefacio,2,0.07895775759968417,amo,2,0.07722007722007722,britannia/n,2,0.136986301369863,vicvs,2,0.06568144499178982,silentivm,2,0.07122507122507123,monachvs,2,0.17873100983020554,qvisqvam,2,0.07132667617689016,facio,2,0.16611295681063123
dominicvs,2,0.13157894736842105,vox,1,0.02904443799012489,ingenivm,2,0.07895775759968417,homo,2,0.07722007722007722,longvs,2,0.136986301369863,qvisqvam,2,0.06568144499178982,traho,2,0.07122507122507123,vtilitas,2,0.17873100983020554,strenvvs,2,0.07132667617689016,peto,2,0.16611295681063123
potestas,2,0.13157894736842105,venio,1,0.02904443799012489,benedictio,2,0.07895775759968417,negotivm,2,0.07722007722007722,civitas,2,0.136986301369863,mentio/1,2,0.06568144499178982,invicem,2,0.07122507122507123,pridie,2,0.17873100983020554,monstro,2,0.07132667617689016,ergo/2,2,0.16611295681063123
dignitas,2,0.13157894736842105,alivs,1,0.02904443799012489,pertineo,2,0.07895775759968417,gravis,2,0.07722007722007722,genvs/1,2,0.136986301369863,veneror,2,0.06568144499178982,spero,2,0.07122507122507123,oswald/n1,2,0.17873100983020554,molestia,2,0.07132667617689016,potivs,2,0.16611295681063123
repente,2,0.13157894736842105,reverto,1,0.02904443799012489,signvm,2,0.07895775759968417,intentio,2,0.07722007722007722,copiosvs,2,0.136986301369863,finio,2,0.06568144499178982,sospes,2,0.07122507122507123,alicvbi,2,0.17873100983020554,depono,2,0.07132667617689016,talis,2,0.16611295681063123
proficio,2,0.13157894736842105,consilivm,1,0.02904443799012489,perdvco,2,0.07895775759968417,conversatio,2,0.07722007722007722,redeo/1,2,0.136986301369863,solvo,2,0.06568144499178982,sapio,2,0.07122507122507123,presbyter,1,0.08936550491510277,excito/1,2,0.07132667617689016,dives,2,0.16611295681063123
gravis,2,0.13157894736842105,deniqve,1,0.02904443799012489,impleo,2,0.07895775759968417,propono,2,0.07722007722007722,commvnis,2,0.136986301369863,nomino,2,0.06568144499178982,appareo,2,0.07122507122507123,nvper,1,0.08936550491510277,defero,2,0.07132667617689016,caelvm/1,2,0.16611295681063123
svccendo,2,0.13157894736842105,opvs/1,1,0.02904443799012489,addvco,2,0.07895775759968417,nego,2,0.07722007722007722,incipio,2,0.136986301369863,emendo,2,0.06568144499178982,edvco/2,2,0.07122507122507123,prior,1,0.08936550491510277,incorrvptvs,2,0.07132667617689016,mos,2,0.16611295681063123
amor,2,0.13157894736842105,ministerivm,1,0.02904443799012489,consvlo,2,0.07895775759968417,ingenivm,2,0.07722007722007722,aspicio,2,0.136986301369863,vestigivm,2,0.06568144499178982,nvmqvam,2,0.07122507122507123,nvnc,1,0.08936550491510277,soror,2,0.07132667617689016,oro,2,0.16611295681063123
ivvo,2,0.13157894736842105,recipero,1,0.02904443799012489,clamo,2,0.07895775759968417,perdvco,2,0.07722007722007722,qvin/1,2,0.136986301369863,princeps/2,2,0.06568144499178982,infero,2,0.07122507122507123,stvdivm,1,0.08936550491510277,termino,2,0.07132667617689016,congrvvs,2,0.16611295681063123
natvra,2,0.13157894736842105,scio,1,0.02904443799012489,sentio,2,0.07895775759968417,clavdo/1,2,0.07722007722007722,potivs,2,0.136986301369863,provisio,2,0.06568144499178982,mereo,2,0.07122507122507123,avdio,1,0.08936550491510277,tametsi,2,0.07132667617689016,sermo,2,0.16611295681063123
